{"is_source_file": true, "format": "JavaScript (React JSX)", "description": "This file defines the 'RestaurantPage' React component, which displays restaurant details, menu items, and allows adding items to a cart in a food delivery application.", "external_files": ["../state/AppContext", "../data/mockData", "../services/api", "../components/ui"], "external_methods": ["useNavigate", "useParams", "useContext", "useEffect", "useMemo", "useState", "safeFetchJson", "money", "Toast"], "published": ["default", "normalizeMenuItem", "normalizeRestaurant"], "classes": [], "methods": [{"name": "normalizeMenuItem(x)", "description": "Normalizes a menu item object by ensuring consistent id, name, description, and price fields.", "scope": "", "scopeKind": ""}, {"name": "normalizeRestaurant(r)", "description": "Normalizes a restaurant object to include id, name, category, rating, etaMinutes, fee, priceLevel, and tags fields.", "scope": "", "scopeKind": ""}, {"name": "RestaurantPage()", "scope": "", "scopeKind": "", "description": "unavailable"}, {"name": "loadRestaurantAndMenu()", "scope": "RestaurantPage", "scopeKind": "function", "description": "unavailable"}], "calls": ["useParams", "useNavigate", "useContext", "useEffect", "safeFetchJson", "mockRestaurants.find", "normalizeRestaurant", "setRestaurant", "setMenu", "useMemo", "money", "setToast", "navigate", "addItem"], "search-terms": ["RestaurantPage", "normalizeMenuItem", "normalizeRestaurant", "useContext", "safeFetchJson", "React", "useEffect", "mockData", "menu", "restaurant"], "state": 2, "file_id": 19, "knowledge_revision": 49, "git_revision": "722770e7494fdd24f4f15bf481be5993c5f1d5b1", "ctags": [{"_type": "tag", "name": "RestaurantPage", "path": "/home/kavia/workspace/code-generation/gourmet-express-320198-320207/food_delivery_frontend/src/pages/RestaurantPage.js", "pattern": "/^export default function RestaurantPage() {$/", "language": "JavaScript", "kind": "function", "signature": "()"}, {"_type": "tag", "name": "loadRestaurantAndMenu", "path": "/home/kavia/workspace/code-generation/gourmet-express-320198-320207/food_delivery_frontend/src/pages/RestaurantPage.js", "pattern": "/^    async function loadRestaurantAndMenu() {$/", "language": "JavaScript", "kind": "function", "signature": "()", "scope": "RestaurantPage", "scopeKind": "function"}, {"_type": "tag", "name": "normalizeMenuItem", "path": "/home/kavia/workspace/code-generation/gourmet-express-320198-320207/food_delivery_frontend/src/pages/RestaurantPage.js", "pattern": "/^function normalizeMenuItem(x) {$/", "language": "JavaScript", "kind": "function", "signature": "(x)"}, {"_type": "tag", "name": "normalizeRestaurant", "path": "/home/kavia/workspace/code-generation/gourmet-express-320198-320207/food_delivery_frontend/src/pages/RestaurantPage.js", "pattern": "/^function normalizeRestaurant(r) {$/", "language": "JavaScript", "kind": "function", "signature": "(r)"}], "hash": "41520577b02358f886bfc5a664a59646", "format-version": 4, "code-base-name": "food_delivery_frontend", "filename": "food_delivery_frontend/src/pages/RestaurantPage.js", "revision_history": [{"49": "722770e7494fdd24f4f15bf481be5993c5f1d5b1"}]}