{"is_source_file": true, "file_id": 17, "git_revision": "", "state": 1, "description": "", "external_files": [], "external_methods": [], "published": [], "classes": [], "methods": [], "calls": [], "search-terms": [], "ctags": [{"_type": "tag", "name": "Panel", "path": "/home/kavia/workspace/code-generation/gourmet-express-320198-320207/food_delivery_frontend/src/components/ui.js", "pattern": "/^export function Panel({ title, subtitle, right, children }) {$/", "language": "JavaScript", "kind": "function", "signature": "({ title, subtitle, right, children })"}, {"_type": "tag", "name": "Toast", "path": "/home/kavia/workspace/code-generation/gourmet-express-320198-320207/food_delivery_frontend/src/components/ui.js", "pattern": "/^export function Toast({ message, onDone, durationMs = 2200 }) {$/", "language": "JavaScript", "kind": "function", "signature": "({ message, onDone, durationMs = 2200 })"}, {"_type": "tag", "name": "money", "path": "/home/kavia/workspace/code-generation/gourmet-express-320198-320207/food_delivery_frontend/src/components/ui.js", "pattern": "/^export function money(amount) {$/", "language": "JavaScript", "kind": "function", "signature": "(amount)"}], "format": "JavaScript", "hash": "559cb9c259850e4fe0b2826647afcf8e", "format-version": 4, "code-base-name": "food_delivery_frontend", "filename": "food_delivery_frontend/src/components/ui.js", "knowledge_revision": 32}