{"is_source_file": true, "format": "JavaScript (React JSX)", "description": "This file defines a React component named TrackingPage that displays order tracking information, refreshes data periodically, and provides navigation options. It interacts with application state via useContext and uses React hooks for effects and memoization.", "external_files": ["../state/AppContext", "../components/ui", "react", "react-router-dom"], "external_methods": ["useNavigate()", "useContext(AppContext)", "useEffect()", "useMemo()", "navigate()", "clearInterval()", "setInterval()"], "published": [], "classes": [], "methods": [{"name": "TrackingPage()", "description": "React functional component for displaying order tracking page, including timeline and navigation controls.", "scope": "", "scopeKind": ""}], "calls": ["useNavigate()", "useContext(AppContext)", "refreshTracking()", "clearInterval()", "setInterval()", "clearInterval()", "useMemo()", "navigate()", "clearOrder()"], "search-terms": ["TrackingPage", "Order tracking React component", "useContext AppContext", "refreshTracking", "tracking steps", "navigation buttons"], "state": 2, "file_id": 21, "knowledge_revision": 51, "git_revision": "722770e7494fdd24f4f15bf481be5993c5f1d5b1", "ctags": [{"_type": "tag", "name": "TrackingPage", "path": "/home/kavia/workspace/code-generation/gourmet-express-320198-320207/food_delivery_frontend/src/pages/TrackingPage.js", "pattern": "/^export default function TrackingPage() {$/", "language": "JavaScript", "kind": "function", "signature": "()"}], "hash": "ac27099c29526020fa6eec7ae1ebc400", "format-version": 4, "code-base-name": "food_delivery_frontend", "filename": "food_delivery_frontend/src/pages/TrackingPage.js", "revision_history": [{"51": "722770e7494fdd24f4f15bf481be5993c5f1d5b1"}]}