{"is_source_file": true, "file_id": 18, "git_revision": "", "state": 1, "description": "", "external_files": [], "external_methods": [], "published": [], "classes": [], "methods": [], "calls": [], "search-terms": [], "ctags": [{"_type": "tag", "name": "HomePage", "path": "/home/kavia/workspace/code-generation/gourmet-express-320198-320207/food_delivery_frontend/src/pages/HomePage.js", "pattern": "/^export default function HomePage({ searchQuery, onPickCategory, activeCategory }) {$/", "language": "JavaScript", "kind": "function", "signature": "({ searchQuery, onPickCategory, activeCategory })"}, {"_type": "tag", "name": "load", "path": "/home/kavia/workspace/code-generation/gourmet-express-320198-320207/food_delivery_frontend/src/pages/HomePage.js", "pattern": "/^    async function load() {$/", "language": "JavaScript", "kind": "function", "signature": "()", "scope": "HomePage", "scopeKind": "function"}, {"_type": "tag", "name": "normalizeRestaurant", "path": "/home/kavia/workspace/code-generation/gourmet-express-320198-320207/food_delivery_frontend/src/pages/HomePage.js", "pattern": "/^function normalizeRestaurant(r) {$/", "language": "JavaScript", "kind": "function", "signature": "(r)"}], "format": "JavaScript", "hash": "40313625bdbcf7314c6ba9892e960109", "format-version": 4, "code-base-name": "food_delivery_frontend", "filename": "food_delivery_frontend/src/pages/HomePage.js", "knowledge_revision": 33}