{"is_source_file": false, "format": "", "description": "", "external_files": [], "external_methods": [], "published": [], "classes": [], "methods": [], "calls": [], "search-terms": [], "state": 2, "file_id": 2, "knowledge_revision": 27, "git_revision": "e16fb9b7724cad4d26c305d349622d87015ba31b", "hash": "9c417eba73f085788cef649a748e9763", "format-version": 4, "code-base-name": "food_delivery_frontend", "filename": "food_delivery_frontend/src/App.css", "revision_history": [{"27": "e16fb9b7724cad4d26c305d349622d87015ba31b"}]}