{"is_source_file": true, "format": "JavaScript", "description": "This is an entry point file for a React application, setting up the root rendering, routing, and context providers.", "external_files": ["./index.css", "./App", "./state/AppContext"], "external_methods": ["ReactDOM.createRoot", "React.StrictMode", "BrowserRouter", "ReactDOM.createRoot", "root.render"], "published": [], "classes": [], "methods": [{"name": "root.render", "description": "Renders the React component tree into the DOM root."}], "calls": ["ReactDOM.createRoot", "root.render"], "search-terms": ["React", "ReactDOM", "BrowserRouter", "index.js", "AppProvider", "createRoot", "StrictMode", "routing", "context"], "state": 2, "file_id": 6, "knowledge_revision": 40, "git_revision": "722770e7494fdd24f4f15bf481be5993c5f1d5b1", "revision_history": [{"24": "e16fb9b7724cad4d26c305d349622d87015ba31b"}, {"40": "722770e7494fdd24f4f15bf481be5993c5f1d5b1"}], "ctags": [{"_type": "tag", "name": "root", "path": "/home/kavia/workspace/code-generation/gourmet-express-320198-320207/food_delivery_frontend/src/index.js", "pattern": "/^const root = ReactDOM.createRoot(document.getElementById(\"root\"));$/", "language": "JavaScript", "kind": "constant"}], "hash": "f19b81e913f277cb0c358d5edb589120", "format-version": 4, "code-base-name": "food_delivery_frontend", "filename": "food_delivery_frontend/src/index.js"}