{"is_source_file": true, "format": "JavaScript (React JSX)", "description": "This file defines the CheckoutPage React component for an e-commerce food delivery frontend. It renders order summary, delivery details form, and the place order button, managing local state and interacting with context and navigation.", "external_files": ["../state/AppContext", "../data/mockData", "../components/ui"], "external_methods": ["useNavigate", "useContext", "useMemo", "useState", "money", "Panel", "Toast"], "published": ["CheckoutPage"], "classes": [], "methods": [{"name": "CheckoutPage()", "description": "Main React functional component for the checkout page, handling rendering and interactions.", "scope": "", "scopeKind": ""}], "calls": ["useNavigate()", "useContext(AppContext)", "useMemo()", "useState()", "mockRestaurants.find()", "money()", "setProfile()", "startCheckout()", "navigate()", "setToast()", "setTimeout()"], "search-terms": ["CheckoutPage", "order summary rendering", "delivery details form", "order placement", "mockRestaurants", "React context"], "state": 2, "file_id": 20, "knowledge_revision": 50, "git_revision": "722770e7494fdd24f4f15bf481be5993c5f1d5b1", "ctags": [{"_type": "tag", "name": "CheckoutPage", "path": "/home/kavia/workspace/code-generation/gourmet-express-320198-320207/food_delivery_frontend/src/pages/CheckoutPage.js", "pattern": "/^export default function CheckoutPage() {$/", "language": "JavaScript", "kind": "function", "signature": "()"}, {"_type": "tag", "name": "toast", "path": "/home/kavia/workspace/code-generation/gourmet-express-320198-320207/food_delivery_frontend/src/pages/CheckoutPage.js", "pattern": "/^      <Toast message={toast} onDone={() => setToast(\"\")} \\/>$/", "language": "JavaScript", "kind": "field", "scope": "City.", "scopeKind": "class"}], "hash": "480fde3e1e5b9f78b69853d09eaa7736", "format-version": 4, "code-base-name": "food_delivery_frontend", "filename": "food_delivery_frontend/src/pages/CheckoutPage.js", "fields": [{"name": "<Toast message={toast} onDone={() => setToast(\"\")} \\/>", "scope": "City.", "scopeKind": "class", "description": "unavailable"}], "revision_history": [{"50": "722770e7494fdd24f4f15bf481be5993c5f1d5b1"}]}