{"is_source_file": true, "format": "JavaScript", "description": "This is a test setup configuration file for Jest testing environment, specifically importing the jest-dom library for custom DOM matchers in React testing.", "external_files": ["@testing-library/jest-dom"], "external_methods": [], "published": [], "classes": [], "methods": [], "calls": ["import '@testing-library/jest-dom'"], "search-terms": ["setupTests.js", "jest-dom", "testing-library", "React testing", "Jest matchers"], "state": 2, "file_id": 5, "knowledge_revision": 23, "git_revision": "e16fb9b7724cad4d26c305d349622d87015ba31b", "ctags": [], "hash": "1a77571e1a8cf36018a41bcedf60db75", "format-version": 4, "code-base-name": "food_delivery_frontend", "filename": "food_delivery_frontend/src/setupTests.js", "revision_history": [{"23": "e16fb9b7724cad4d26c305d349622d87015ba31b"}]}