{"is_source_file": true, "format": "JavaScript", "description": "React component for the shopping cart drawer in a food delivery web application.", "external_files": ["../state/AppContext", "../data/mockData", "./ui"], "external_methods": ["useNavigate", "useContext", "useMemo", "money"], "published": ["CartDrawer"], "classes": [], "methods": [{"name": "CartDrawer({ open, onClose })", "description": "Main React functional component managing the cart drawer UI, cart state, and user interactions.", "scope": "", "scopeKind": ""}], "calls": ["useNavigate()", "useContext(AppContext)", "useMemo()", "mockRestaurants.find()", "money()", "clear()", "setQty()", "navigate()"], "search-terms": ["CartDrawer", "react component", "cart overlay", "shopping cart", "food delivery UI", "cart item map"], "state": 2, "file_id": 23, "knowledge_revision": 53, "git_revision": "722770e7494fdd24f4f15bf481be5993c5f1d5b1", "ctags": [{"_type": "tag", "name": "CartDrawer", "path": "/home/kavia/workspace/code-generation/gourmet-express-320198-320207/food_delivery_frontend/src/components/CartDrawer.js", "pattern": "/^export default function CartDrawer({ open, onClose }) {$/", "language": "JavaScript", "kind": "function", "signature": "({ open, onClose })"}], "hash": "6d750c691806b9a7d8d734f037905511", "format-version": 4, "code-base-name": "food_delivery_frontend", "filename": "food_delivery_frontend/src/components/CartDrawer.js", "revision_history": [{"53": "722770e7494fdd24f4f15bf481be5993c5f1d5b1"}]}