{"is_source_file": false, "format": "", "description": "", "external_files": [], "external_methods": [], "published": [], "classes": [], "methods": [], "calls": [], "search-terms": [], "state": 2, "file_id": 9, "knowledge_revision": 18, "git_revision": "e16fb9b7724cad4d26c305d349622d87015ba31b", "hash": "ebece526bc2eadd78ddd787a76c56607", "format-version": 4, "code-base-name": "food_delivery_frontend", "filename": "food_delivery_frontend/README.md", "revision_history": [{"18": "e16fb9b7724cad4d26c305d349622d87015ba31b"}]}