{"is_source_file": false, "format": "", "description": "", "external_files": [], "external_methods": [], "published": [], "classes": [], "methods": [], "calls": [], "search-terms": [], "state": 2, "file_id": 3, "knowledge_revision": 41, "git_revision": "722770e7494fdd24f4f15bf481be5993c5f1d5b1", "hash": "a80deab1f7927013fa1139c35b4bc973", "format-version": 4, "code-base-name": "food_delivery_frontend", "filename": "food_delivery_frontend/src/index.css", "revision_history": [{"41": "722770e7494fdd24f4f15bf481be5993c5f1d5b1"}]}