{"is_source_file": true, "file_id": 14, "git_revision": "", "state": 1, "description": "", "external_files": [], "external_methods": [], "published": [], "classes": [], "methods": [], "calls": [], "search-terms": [], "ctags": [{"_type": "tag", "name": "categories", "path": "/home/kavia/workspace/code-generation/gourmet-express-320198-320207/food_delivery_frontend/src/data/mockData.js", "pattern": "/^export const categories = [\"All\", \"Pizza\", \"Burgers\", \"Sushi\", \"Healthy\", \"Dessert\", \"Indian\"];$/", "language": "JavaScript", "kind": "constant"}, {"_type": "tag", "name": "createMockOrder", "path": "/home/kavia/workspace/code-generation/gourmet-express-320198-320207/food_delivery_frontend/src/data/mockData.js", "pattern": "/^export function createMockOrder(input) {$/", "language": "JavaScript", "kind": "function", "signature": "(input)"}, {"_type": "tag", "name": "getMockTrackingSteps", "path": "/home/kavia/workspace/code-generation/gourmet-express-320198-320207/food_delivery_frontend/src/data/mockData.js", "pattern": "/^export function getMockTrackingSteps(elapsedMinutes) {$/", "language": "JavaScript", "kind": "function", "signature": "(elapsedMinutes)"}, {"_type": "tag", "name": "mockMenusByRestaurantId", "path": "/home/kavia/workspace/code-generation/gourmet-express-320198-320207/food_delivery_frontend/src/data/mockData.js", "pattern": "/^export const mockMenusByRestaurantId = {$/", "language": "JavaScript", "kind": "class"}, {"_type": "tag", "name": "mockRestaurants", "path": "/home/kavia/workspace/code-generation/gourmet-express-320198-320207/food_delivery_frontend/src/data/mockData.js", "pattern": "/^export const mockRestaurants = [$/", "language": "JavaScript", "kind": "constant"}, {"_type": "tag", "name": "r_amber_desserts", "path": "/home/kavia/workspace/code-generation/gourmet-express-320198-320207/food_delivery_frontend/src/data/mockData.js", "pattern": "/^  r_amber_desserts: [$/", "language": "JavaScript", "kind": "property", "scope": "mockMenusByRestaurantId", "scopeKind": "class"}, {"_type": "tag", "name": "r_blue_burger", "path": "/home/kavia/workspace/code-generation/gourmet-express-320198-320207/food_delivery_frontend/src/data/mockData.js", "pattern": "/^  r_blue_burger: [$/", "language": "JavaScript", "kind": "property", "scope": "mockMenusByRestaurantId", "scopeKind": "class"}, {"_type": "tag", "name": "r_green_bowl", "path": "/home/kavia/workspace/code-generation/gourmet-express-320198-320207/food_delivery_frontend/src/data/mockData.js", "pattern": "/^  r_green_bowl: [$/", "language": "JavaScript", "kind": "property", "scope": "mockMenusByRestaurantId", "scopeKind": "class"}, {"_type": "tag", "name": "r_pizza_harbor", "path": "/home/kavia/workspace/code-generation/gourmet-express-320198-320207/food_delivery_frontend/src/data/mockData.js", "pattern": "/^  r_pizza_harbor: [$/", "language": "JavaScript", "kind": "property", "scope": "mockMenusByRestaurantId", "scopeKind": "class"}, {"_type": "tag", "name": "r_saffron_route", "path": "/home/kavia/workspace/code-generation/gourmet-express-320198-320207/food_delivery_frontend/src/data/mockData.js", "pattern": "/^  r_saffron_route: [$/", "language": "JavaScript", "kind": "property", "scope": "mockMenusByRestaurantId", "scopeKind": "class"}, {"_type": "tag", "name": "r_sushi_current", "path": "/home/kavia/workspace/code-generation/gourmet-express-320198-320207/food_delivery_frontend/src/data/mockData.js", "pattern": "/^  r_sushi_current: [$/", "language": "JavaScript", "kind": "property", "scope": "mockMenusByRestaurantId", "scopeKind": "class"}], "format": "JavaScript", "hash": "89a65adf3b13ee4cf82c4aa6562d8261", "format-version": 4, "code-base-name": "food_delivery_frontend", "filename": "food_delivery_frontend/src/data/mockData.js", "knowledge_revision": 29}