{"is_source_file": true, "file_id": 19, "git_revision": "", "state": 1, "description": "", "external_files": [], "external_methods": [], "published": [], "classes": [], "methods": [], "calls": [], "search-terms": [], "ctags": [{"_type": "tag", "name": "RestaurantPage", "path": "/home/kavia/workspace/code-generation/gourmet-express-320198-320207/food_delivery_frontend/src/pages/RestaurantPage.js", "pattern": "/^export default function RestaurantPage() {$/", "language": "JavaScript", "kind": "function", "signature": "()"}, {"_type": "tag", "name": "loadRestaurantAndMenu", "path": "/home/kavia/workspace/code-generation/gourmet-express-320198-320207/food_delivery_frontend/src/pages/RestaurantPage.js", "pattern": "/^    async function loadRestaurantAndMenu() {$/", "language": "JavaScript", "kind": "function", "signature": "()", "scope": "RestaurantPage", "scopeKind": "function"}, {"_type": "tag", "name": "normalizeMenuItem", "path": "/home/kavia/workspace/code-generation/gourmet-express-320198-320207/food_delivery_frontend/src/pages/RestaurantPage.js", "pattern": "/^function normalizeMenuItem(x) {$/", "language": "JavaScript", "kind": "function", "signature": "(x)"}, {"_type": "tag", "name": "normalizeRestaurant", "path": "/home/kavia/workspace/code-generation/gourmet-express-320198-320207/food_delivery_frontend/src/pages/RestaurantPage.js", "pattern": "/^function normalizeRestaurant(r) {$/", "language": "JavaScript", "kind": "function", "signature": "(r)"}], "format": "JavaScript", "hash": "41520577b02358f886bfc5a664a59646", "format-version": 4, "code-base-name": "food_delivery_frontend", "filename": "food_delivery_frontend/src/pages/RestaurantPage.js", "knowledge_revision": 34}