{"is_source_file": true, "format": "JavaScript", "description": "This file defines a React context provider for managing global application state related to cart persistence, user profile, active order, and tracking status in a food delivery frontend app.", "external_files": ["../services/api", "./cart", "../data/mockData"], "external_methods": ["safeFetchJson", "cartTotals", "clearCart", "loadCart", "saveCart", "addToCart", "setQty", "createMockOrder", "getMockTrackingSteps"], "published": ["AppContext"], "classes": [], "methods": [{"name": "loadProfile()", "description": "Loads user profile data from localStorage or returns a default profile if not available or on error.", "scope": "", "scopeKind": ""}, {"name": "saveProfile(profile)", "description": "Saves the given user profile data to localStorage.", "scope": "", "scopeKind": ""}, {"name": "AppProvider({ children })", "description": "React component providing application-wide context including cart, profile, active order, and tracking management.", "scope": "", "scopeKind": ""}], "calls": ["loadCart", "loadProfile", "saveCart", "saveProfile", "setCartState", "setProfile", "setActiveOrder", "setTracking", "safeFetchJson", "createMockOrder", "getMockTrackingSteps", "clearCart", "addToCart", "setQty"], "search-terms": ["AppContext", "cart persistence", "order tracking", "React context provider", "localStorage profile"], "state": 2, "file_id": 16, "knowledge_revision": 46, "git_revision": "722770e7494fdd24f4f15bf481be5993c5f1d5b1", "ctags": [{"_type": "tag", "name": "AppContext", "path": "/home/kavia/workspace/code-generation/gourmet-express-320198-320207/food_delivery_frontend/src/state/AppContext.js", "pattern": "/^export const AppContext = createContext(null);$/", "language": "JavaScript", "kind": "constant"}, {"_type": "tag", "name": "AppProvider", "path": "/home/kavia/workspace/code-generation/gourmet-express-320198-320207/food_delivery_frontend/src/state/AppContext.js", "pattern": "/^export function AppProvider({ children }) {$/", "language": "JavaScript", "kind": "function", "signature": "({ children })"}, {"_type": "tag", "name": "loadProfile", "path": "/home/kavia/workspace/code-generation/gourmet-express-320198-320207/food_delivery_frontend/src/state/AppContext.js", "pattern": "/^function loadProfile() {$/", "language": "JavaScript", "kind": "function", "signature": "()"}, {"_type": "tag", "name": "saveProfile", "path": "/home/kavia/workspace/code-generation/gourmet-express-320198-320207/food_delivery_frontend/src/state/AppContext.js", "pattern": "/^function saveProfile(profile) {$/", "language": "JavaScript", "kind": "function", "signature": "(profile)"}, {"_type": "tag", "name": "value", "path": "/home/kavia/workspace/code-generation/gourmet-express-320198-320207/food_delivery_frontend/src/state/AppContext.js", "pattern": "/^  return <AppContext.Provider value={value}>{children}<\\/AppContext.Provider>;$/", "language": "JavaScript", "kind": "field", "scope": "Provider", "scopeKind": "class"}], "hash": "95d122c40351ac4564c935be144648bb", "format-version": 4, "code-base-name": "food_delivery_frontend", "filename": "food_delivery_frontend/src/state/AppContext.js", "fields": [{"name": "return <AppContext.Provider value={value}>{children}<\\/AppContext.Provider>;", "scope": "Provider", "scopeKind": "class", "description": "unavailable"}], "revision_history": [{"46": "722770e7494fdd24f4f15bf481be5993c5f1d5b1"}]}