{"is_source_file": false, "format": "", "description": "", "external_files": [], "external_methods": [], "published": [], "classes": [], "methods": [], "calls": [], "search-terms": [], "state": 2, "file_id": 10, "knowledge_revision": 17, "git_revision": "e16fb9b7724cad4d26c305d349622d87015ba31b", "hash": "be6538e7523bc2e9da0743133d784136", "format-version": 4, "code-base-name": "food_delivery_frontend", "filename": "food_delivery_frontend/eslint.config.mjs", "revision_history": [{"17": "e16fb9b7724cad4d26c305d349622d87015ba31b"}]}