{"is_source_file": true, "format": "JavaScript (React JSX)", "description": "This is the main entry point of a React web application, responsible for rendering the root component into the DOM.", "external_files": ["./App", "./index.css"], "external_methods": ["ReactDOM.createRoot"], "published": ["React", "ReactDOM"], "classes": [], "methods": [{"name": "ReactDOM.createRoot", "description": "Creates a React root container for rendering React elements."}], "calls": ["ReactDOM.createRoot", "root.render"], "search-terms": ["React", "ReactDOM", "index.js", "entry point", "render", "root", "StrictMode"], "state": 2, "file_id": 6, "knowledge_revision": 24, "git_revision": "e16fb9b7724cad4d26c305d349622d87015ba31b", "ctags": [{"_type": "tag", "name": "root", "path": "/home/kavia/workspace/code-generation/gourmet-express-320198-320207/food_delivery_frontend/src/index.js", "pattern": "/^const root = ReactDOM.createRoot(document.getElementById('root'));$/", "language": "JavaScript", "kind": "constant"}], "hash": "9fc5841375336fc175b49f8767a11383", "format-version": 4, "code-base-name": "food_delivery_frontend", "filename": "food_delivery_frontend/src/index.js", "revision_history": [{"24": "e16fb9b7724cad4d26c305d349622d87015ba31b"}]}