{"is_source_file": true, "file_id": 15, "git_revision": "", "state": 1, "description": "", "external_files": [], "external_methods": [], "published": [], "classes": [], "methods": [], "calls": [], "search-terms": [], "ctags": [{"_type": "tag", "name": "STORAGE_KEY", "path": "/home/kavia/workspace/code-generation/gourmet-express-320198-320207/food_delivery_frontend/src/state/cart.js", "pattern": "/^const STORAGE_KEY = \"gourmet_express_cart_v1\";$/", "language": "JavaScript", "kind": "constant"}, {"_type": "tag", "name": "addToCart", "path": "/home/kavia/workspace/code-generation/gourmet-express-320198-320207/food_delivery_frontend/src/state/cart.js", "pattern": "/^export function addToCart(cart, item, restaurantId) {$/", "language": "JavaScript", "kind": "function", "signature": "(cart, item, restaurantId)"}, {"_type": "tag", "name": "cart", "path": "/home/kavia/workspace/code-generation/gourmet-express-320198-320207/food_delivery_frontend/src/state/cart.js", "pattern": "/^    cart = { items: [], restaurantId: null };$/", "language": "JavaScript", "kind": "class", "scope": "addToCart", "scopeKind": "class"}, {"_type": "tag", "name": "cartTotals", "path": "/home/kavia/workspace/code-generation/gourmet-express-320198-320207/food_delivery_frontend/src/state/cart.js", "pattern": "/^export function cartTotals(cart) {$/", "language": "JavaScript", "kind": "function", "signature": "(cart)"}, {"_type": "tag", "name": "clearCart", "path": "/home/kavia/workspace/code-generation/gourmet-express-320198-320207/food_delivery_frontend/src/state/cart.js", "pattern": "/^export function clearCart() {$/", "language": "JavaScript", "kind": "function", "signature": "()"}, {"_type": "tag", "name": "items", "path": "/home/kavia/workspace/code-generation/gourmet-express-320198-320207/food_delivery_frontend/src/state/cart.js", "pattern": "/^    cart = { items: [], restaurantId: null };$/", "language": "JavaScript", "kind": "property", "scope": "addToCart.cart", "scopeKind": "class"}, {"_type": "tag", "name": "loadCart", "path": "/home/kavia/workspace/code-generation/gourmet-express-320198-320207/food_delivery_frontend/src/state/cart.js", "pattern": "/^export function loadCart() {$/", "language": "JavaScript", "kind": "function", "signature": "()"}, {"_type": "tag", "name": "restaurantId", "path": "/home/kavia/workspace/code-generation/gourmet-express-320198-320207/food_delivery_frontend/src/state/cart.js", "pattern": "/^    cart = { items: [], restaurantId: null };$/", "language": "JavaScript", "kind": "property", "scope": "addToCart.cart", "scopeKind": "class"}, {"_type": "tag", "name": "saveCart", "path": "/home/kavia/workspace/code-generation/gourmet-express-320198-320207/food_delivery_frontend/src/state/cart.js", "pattern": "/^export function saveCart(cart) {$/", "language": "JavaScript", "kind": "function", "signature": "(cart)"}, {"_type": "tag", "name": "setQty", "path": "/home/kavia/workspace/code-generation/gourmet-express-320198-320207/food_delivery_frontend/src/state/cart.js", "pattern": "/^export function setQty(cart, itemId, qty) {$/", "language": "JavaScript", "kind": "function", "signature": "(cart, itemId, qty)"}], "format": "JavaScript", "hash": "ed933eaf240b38d5d466e9ee1296bcb4", "format-version": 4, "code-base-name": "food_delivery_frontend", "filename": "food_delivery_frontend/src/state/cart.js", "knowledge_revision": 30}