{"is_source_file": true, "file_id": 20, "git_revision": "", "state": 1, "description": "", "external_files": [], "external_methods": [], "published": [], "classes": [], "methods": [], "calls": [], "search-terms": [], "ctags": [{"_type": "tag", "name": "CheckoutPage", "path": "/home/kavia/workspace/code-generation/gourmet-express-320198-320207/food_delivery_frontend/src/pages/CheckoutPage.js", "pattern": "/^export default function CheckoutPage() {$/", "language": "JavaScript", "kind": "function", "signature": "()"}, {"_type": "tag", "name": "toast", "path": "/home/kavia/workspace/code-generation/gourmet-express-320198-320207/food_delivery_frontend/src/pages/CheckoutPage.js", "pattern": "/^      <Toast message={toast} onDone={() => setToast(\"\")} \\/>$/", "language": "JavaScript", "kind": "field", "scope": "City.", "scopeKind": "class"}], "format": "JavaScript", "hash": "480fde3e1e5b9f78b69853d09eaa7736", "format-version": 4, "code-base-name": "food_delivery_frontend", "filename": "food_delivery_frontend/src/pages/CheckoutPage.js", "knowledge_revision": 35}