{"is_source_file": true, "format": "JavaScript", "description": "This file provides utility functions to interact with a backend API, including resolving the base URL from environment variables and performing fetch requests with timeout and error handling.", "external_files": ["node: fetch"], "external_methods": ["fetch"], "published": ["getApiBaseUrl", "safeFetchJson"], "classes": [], "methods": [{"name": "getApiBaseUrl()", "description": "Resolves the API base URL from environment variables, removing trailing slashes to normalize the URL.", "scope": "", "scopeKind": ""}, {"name": "safeFetchJson(path, options = {}, config = {})", "description": "Performs a fetch request with a specified timeout, handles JSON and non-JSON responses, and returns a standardized response indicating success or failure.", "scope": "", "scopeKind": ""}], "calls": ["fetch"], "search-terms": ["api helper", "environment variable", "fetch with timeout", "API base URL", "safe fetch"], "state": 2, "file_id": 13, "knowledge_revision": 43, "git_revision": "722770e7494fdd24f4f15bf481be5993c5f1d5b1", "ctags": [{"_type": "tag", "name": "DEFAULT_TIMEOUT_MS", "path": "/home/kavia/workspace/code-generation/gourmet-express-320198-320207/food_delivery_frontend/src/services/api.js", "pattern": "/^const DEFAULT_TIMEOUT_MS = 7000;$/", "language": "JavaScript", "kind": "constant"}, {"_type": "tag", "name": "getApiBaseUrl", "path": "/home/kavia/workspace/code-generation/gourmet-express-320198-320207/food_delivery_frontend/src/services/api.js", "pattern": "/^export function getApiBaseUrl() {$/", "language": "JavaScript", "kind": "function", "signature": "()"}, {"_type": "tag", "name": "safeFetchJson", "path": "/home/kavia/workspace/code-generation/gourmet-express-320198-320207/food_delivery_frontend/src/services/api.js", "pattern": "/^export async function safeFetchJson(path, options = {}, config = {}) {$/", "language": "JavaScript", "kind": "function", "signature": "(path, options = {}, config = {})"}], "hash": "b2ca534dae6c3be0390fb444416662e2", "format-version": 4, "code-base-name": "food_delivery_frontend", "filename": "food_delivery_frontend/src/services/api.js", "revision_history": [{"43": "722770e7494fdd24f4f15bf481be5993c5f1d5b1"}]}