{"is_source_file": true, "format": "JavaScript (React JSX)", "description": "A React component for a homepage displaying a list of restaurants, with filtering, navigation, and mock data handling.", "external_files": ["../data/mockData", "../services/api"], "external_methods": ["useNavigate", "safeFetchJson"], "published": ["HomePage"], "classes": [], "methods": [{"name": "normalizeRestaurant(r)", "description": "Normalizes restaurant object data for display and internal use.", "scope": "", "scopeKind": ""}, {"name": "HomePage({ searchQuery, onPickCategory, activeCategory })", "scope": "", "scopeKind": "", "description": "unavailable"}, {"name": "load()", "scope": "HomePage", "scopeKind": "function", "description": "unavailable"}], "calls": ["useNavigate()", "useState()", "useEffect()", "useMemo()", "safeFetchJson('/restaurants', { method: 'GET' })", "setRestaurants()", "setDataNote()", "navigate()"], "search-terms": ["HomePage React component", "restaurant list filtering", "mock data handling", "categorical filtering", "restaurant normalization", "useNavigate hook", "safeFetchJson API call"], "state": 2, "file_id": 18, "knowledge_revision": 48, "git_revision": "722770e7494fdd24f4f15bf481be5993c5f1d5b1", "ctags": [{"_type": "tag", "name": "HomePage", "path": "/home/kavia/workspace/code-generation/gourmet-express-320198-320207/food_delivery_frontend/src/pages/HomePage.js", "pattern": "/^export default function HomePage({ searchQuery, onPickCategory, activeCategory }) {$/", "language": "JavaScript", "kind": "function", "signature": "({ searchQuery, onPickCategory, activeCategory })"}, {"_type": "tag", "name": "load", "path": "/home/kavia/workspace/code-generation/gourmet-express-320198-320207/food_delivery_frontend/src/pages/HomePage.js", "pattern": "/^    async function load() {$/", "language": "JavaScript", "kind": "function", "signature": "()", "scope": "HomePage", "scopeKind": "function"}, {"_type": "tag", "name": "normalizeRestaurant", "path": "/home/kavia/workspace/code-generation/gourmet-express-320198-320207/food_delivery_frontend/src/pages/HomePage.js", "pattern": "/^function normalizeRestaurant(r) {$/", "language": "JavaScript", "kind": "function", "signature": "(r)"}], "hash": "40313625bdbcf7314c6ba9892e960109", "format-version": 4, "code-base-name": "food_delivery_frontend", "filename": "food_delivery_frontend/src/pages/HomePage.js", "revision_history": [{"48": "722770e7494fdd24f4f15bf481be5993c5f1d5b1"}]}