{"is_source_file": true, "format": "JavaScript/React", "description": "This file contains React component definitions and utility functions used for UI elements in the frontend of a food delivery application. It includes functions for formatting currency, displaying toast notifications, and rendering a panel layout.", "external_files": ["react"], "external_methods": ["useEffect"], "published": ["money", "Toast", "Panel"], "classes": [], "methods": [{"name": "money(amount)", "description": "Formats a number or string as a currency string in USD.", "scope": "", "scopeKind": ""}, {"name": "Toast({ message, onDone, durationMs = 2200 })", "description": "A React component that displays a transient message notification.", "scope": "", "scopeKind": ""}, {"name": "Panel({ title, subtitle, right, children })", "description": "A React component that renders a styled section with optional header elements.", "scope": "", "scopeKind": ""}], "calls": ["React", "useEffect"], "search-terms": ["react component", "toast notification", "currency formatting", "panel layout", "ui components", "food delivery frontend"], "state": 2, "file_id": 17, "knowledge_revision": 47, "git_revision": "722770e7494fdd24f4f15bf481be5993c5f1d5b1", "ctags": [{"_type": "tag", "name": "Panel", "path": "/home/kavia/workspace/code-generation/gourmet-express-320198-320207/food_delivery_frontend/src/components/ui.js", "pattern": "/^export function Panel({ title, subtitle, right, children }) {$/", "language": "JavaScript", "kind": "function", "signature": "({ title, subtitle, right, children })"}, {"_type": "tag", "name": "Toast", "path": "/home/kavia/workspace/code-generation/gourmet-express-320198-320207/food_delivery_frontend/src/components/ui.js", "pattern": "/^export function Toast({ message, onDone, durationMs = 2200 }) {$/", "language": "JavaScript", "kind": "function", "signature": "({ message, onDone, durationMs = 2200 })"}, {"_type": "tag", "name": "money", "path": "/home/kavia/workspace/code-generation/gourmet-express-320198-320207/food_delivery_frontend/src/components/ui.js", "pattern": "/^export function money(amount) {$/", "language": "JavaScript", "kind": "function", "signature": "(amount)"}], "hash": "559cb9c259850e4fe0b2826647afcf8e", "format-version": 4, "code-base-name": "food_delivery_frontend", "filename": "food_delivery_frontend/src/components/ui.js", "revision_history": [{"47": "722770e7494fdd24f4f15bf481be5993c5f1d5b1"}]}