{"is_source_file": false, "format": "", "description": "", "external_files": [], "external_methods": [], "published": [], "classes": [], "methods": [], "calls": [], "search-terms": [], "state": 2, "file_id": 7, "knowledge_revision": 20, "git_revision": "e16fb9b7724cad4d26c305d349622d87015ba31b", "hash": "d9d975cebe2ec20b6c652e1e4c12ccf0", "format-version": 4, "code-base-name": "food_delivery_frontend", "filename": "food_delivery_frontend/public/manifest.json", "revision_history": [{"20": "e16fb9b7724cad4d26c305d349622d87015ba31b"}]}