{"is_source_file": false, "format": "", "description": "", "external_files": [], "external_methods": [], "published": [], "classes": [], "methods": [], "calls": [], "search-terms": [], "state": 2, "file_id": 11, "knowledge_revision": 26, "git_revision": "e16fb9b7724cad4d26c305d349622d87015ba31b", "hash": "d1f83b7aea0f420023894b30be2711da", "format-version": 4, "code-base-name": "food_delivery_frontend", "filename": "food_delivery_frontend/package.json", "revision_history": [{"26": "e16fb9b7724cad4d26c305d349622d87015ba31b"}]}