{"is_source_file": true, "file_id": 16, "git_revision": "", "state": 1, "description": "", "external_files": [], "external_methods": [], "published": [], "classes": [], "methods": [], "calls": [], "search-terms": [], "ctags": [{"_type": "tag", "name": "AppContext", "path": "/home/kavia/workspace/code-generation/gourmet-express-320198-320207/food_delivery_frontend/src/state/AppContext.js", "pattern": "/^export const AppContext = createContext(null);$/", "language": "JavaScript", "kind": "constant"}, {"_type": "tag", "name": "AppProvider", "path": "/home/kavia/workspace/code-generation/gourmet-express-320198-320207/food_delivery_frontend/src/state/AppContext.js", "pattern": "/^export function AppProvider({ children }) {$/", "language": "JavaScript", "kind": "function", "signature": "({ children })"}, {"_type": "tag", "name": "loadProfile", "path": "/home/kavia/workspace/code-generation/gourmet-express-320198-320207/food_delivery_frontend/src/state/AppContext.js", "pattern": "/^function loadProfile() {$/", "language": "JavaScript", "kind": "function", "signature": "()"}, {"_type": "tag", "name": "saveProfile", "path": "/home/kavia/workspace/code-generation/gourmet-express-320198-320207/food_delivery_frontend/src/state/AppContext.js", "pattern": "/^function saveProfile(profile) {$/", "language": "JavaScript", "kind": "function", "signature": "(profile)"}, {"_type": "tag", "name": "value", "path": "/home/kavia/workspace/code-generation/gourmet-express-320198-320207/food_delivery_frontend/src/state/AppContext.js", "pattern": "/^  return <AppContext.Provider value={value}>{children}<\\/AppContext.Provider>;$/", "language": "JavaScript", "kind": "field", "scope": "Provider", "scopeKind": "class"}], "format": "JavaScript", "hash": "95d122c40351ac4564c935be144648bb", "format-version": 4, "code-base-name": "food_delivery_frontend", "filename": "food_delivery_frontend/src/state/AppContext.js", "knowledge_revision": 31}