{"is_source_file": true, "format": "JavaScript", "description": "This file provides utility functions for managing the shopping cart state in a food delivery frontend application, including loading, saving, adding items, updating quantities, clearing, and computing totals, with persistence via localStorage.", "external_files": [], "external_methods": ["localStorage.getItem", "localStorage.setItem"], "published": ["loadCart", "saveCart", "addToCart", "setQty", "clearCart", "cartTotals"], "classes": [], "methods": [{"name": "loadCart()", "description": "Loads the cart state from localStorage, parsing the stored JSON and returning items and restaurantId, with error handling for invalid data.", "scope": "", "scopeKind": ""}, {"name": "saveCart(cart)", "description": "Persists the current cart state to localStorage by stringifying the cart object.", "scope": "", "scopeKind": ""}, {"name": "addToCart(cart, item, restaurantId)", "description": "Adds an item to the cart, enforcing a single-restaurant policy by resetting the cart if a different restaurant's item is added. Also increases quantity if item already exists.", "scope": "", "scopeKind": ""}, {"name": "setQty(cart, itemId, qty)", "description": "Updates the quantity of a specific item; removes the item if quantity is zero or less.", "scope": "", "scopeKind": ""}, {"name": "clearCart()", "description": "Resets the cart to an empty state with no items and null restaurantId.", "scope": "", "scopeKind": ""}, {"name": "cartTotals(cart)", "description": "Calculates and returns the total number of items and subtotal cost for the cart.", "scope": "", "scopeKind": ""}], "calls": ["localStorage.getItem", "localStorage.setItem"], "search-terms": ["cart", "localStorage", "addToCart", "setQty", "cartTotals"], "state": 2, "file_id": 15, "knowledge_revision": 45, "git_revision": "722770e7494fdd24f4f15bf481be5993c5f1d5b1", "ctags": [{"_type": "tag", "name": "STORAGE_KEY", "path": "/home/kavia/workspace/code-generation/gourmet-express-320198-320207/food_delivery_frontend/src/state/cart.js", "pattern": "/^const STORAGE_KEY = \"gourmet_express_cart_v1\";$/", "language": "JavaScript", "kind": "constant"}, {"_type": "tag", "name": "addToCart", "path": "/home/kavia/workspace/code-generation/gourmet-express-320198-320207/food_delivery_frontend/src/state/cart.js", "pattern": "/^export function addToCart(cart, item, restaurantId) {$/", "language": "JavaScript", "kind": "function", "signature": "(cart, item, restaurantId)"}, {"_type": "tag", "name": "cart", "path": "/home/kavia/workspace/code-generation/gourmet-express-320198-320207/food_delivery_frontend/src/state/cart.js", "pattern": "/^    cart = { items: [], restaurantId: null };$/", "language": "JavaScript", "kind": "class", "scope": "addToCart", "scopeKind": "class"}, {"_type": "tag", "name": "cartTotals", "path": "/home/kavia/workspace/code-generation/gourmet-express-320198-320207/food_delivery_frontend/src/state/cart.js", "pattern": "/^export function cartTotals(cart) {$/", "language": "JavaScript", "kind": "function", "signature": "(cart)"}, {"_type": "tag", "name": "clearCart", "path": "/home/kavia/workspace/code-generation/gourmet-express-320198-320207/food_delivery_frontend/src/state/cart.js", "pattern": "/^export function clearCart() {$/", "language": "JavaScript", "kind": "function", "signature": "()"}, {"_type": "tag", "name": "items", "path": "/home/kavia/workspace/code-generation/gourmet-express-320198-320207/food_delivery_frontend/src/state/cart.js", "pattern": "/^    cart = { items: [], restaurantId: null };$/", "language": "JavaScript", "kind": "property", "scope": "addToCart.cart", "scopeKind": "class"}, {"_type": "tag", "name": "loadCart", "path": "/home/kavia/workspace/code-generation/gourmet-express-320198-320207/food_delivery_frontend/src/state/cart.js", "pattern": "/^export function loadCart() {$/", "language": "JavaScript", "kind": "function", "signature": "()"}, {"_type": "tag", "name": "restaurantId", "path": "/home/kavia/workspace/code-generation/gourmet-express-320198-320207/food_delivery_frontend/src/state/cart.js", "pattern": "/^    cart = { items: [], restaurantId: null };$/", "language": "JavaScript", "kind": "property", "scope": "addToCart.cart", "scopeKind": "class"}, {"_type": "tag", "name": "saveCart", "path": "/home/kavia/workspace/code-generation/gourmet-express-320198-320207/food_delivery_frontend/src/state/cart.js", "pattern": "/^export function saveCart(cart) {$/", "language": "JavaScript", "kind": "function", "signature": "(cart)"}, {"_type": "tag", "name": "setQty", "path": "/home/kavia/workspace/code-generation/gourmet-express-320198-320207/food_delivery_frontend/src/state/cart.js", "pattern": "/^export function setQty(cart, itemId, qty) {$/", "language": "JavaScript", "kind": "function", "signature": "(cart, itemId, qty)"}], "hash": "ed933eaf240b38d5d466e9ee1296bcb4", "format-version": 4, "code-base-name": "food_delivery_frontend", "filename": "food_delivery_frontend/src/state/cart.js", "fields": [{"name": "cart = { items: [], restaurantId: null };", "scope": "addToCart.cart", "scopeKind": "class", "description": "unavailable"}], "revision_history": [{"45": "722770e7494fdd24f4f15bf481be5993c5f1d5b1"}]}