{"is_source_file": true, "format": "JavaScript", "description": "This file provides mock data and utility functions for a food delivery frontend application. It includes sample restaurant data, categories, menus, and mock functions for creating orders and tracking steps, intended for use when backend services are unavailable.", "external_files": [], "external_methods": [], "published": ["categories", "mockRestaurants", "mockMenusByRestaurantId", "createMockOrder", "getMockTrackingSteps"], "classes": [], "methods": [{"name": "createMockOrder(input)", "description": "Creates a mock order object with a deterministic-ish ID, current timestamp, and input data.", "scope": "", "scopeKind": ""}, {"name": "getMockTrackingSteps(elapsedMinutes)", "description": "Generates mock tracking steps based on elapsed minutes, indicating the current status of an order.", "scope": "", "scopeKind": ""}], "calls": [], "search-terms": ["mock data", "restaurant list", "menu data", "tracking steps", "order ID generation", "fallback data"], "state": 2, "file_id": 14, "knowledge_revision": 44, "git_revision": "722770e7494fdd24f4f15bf481be5993c5f1d5b1", "ctags": [{"_type": "tag", "name": "categories", "path": "/home/kavia/workspace/code-generation/gourmet-express-320198-320207/food_delivery_frontend/src/data/mockData.js", "pattern": "/^export const categories = [\"All\", \"Pizza\", \"Burgers\", \"Sushi\", \"Healthy\", \"Dessert\", \"Indian\"];$/", "language": "JavaScript", "kind": "constant"}, {"_type": "tag", "name": "createMockOrder", "path": "/home/kavia/workspace/code-generation/gourmet-express-320198-320207/food_delivery_frontend/src/data/mockData.js", "pattern": "/^export function createMockOrder(input) {$/", "language": "JavaScript", "kind": "function", "signature": "(input)"}, {"_type": "tag", "name": "getMockTrackingSteps", "path": "/home/kavia/workspace/code-generation/gourmet-express-320198-320207/food_delivery_frontend/src/data/mockData.js", "pattern": "/^export function getMockTrackingSteps(elapsedMinutes) {$/", "language": "JavaScript", "kind": "function", "signature": "(elapsedMinutes)"}, {"_type": "tag", "name": "mockMenusByRestaurantId", "path": "/home/kavia/workspace/code-generation/gourmet-express-320198-320207/food_delivery_frontend/src/data/mockData.js", "pattern": "/^export const mockMenusByRestaurantId = {$/", "language": "JavaScript", "kind": "class"}, {"_type": "tag", "name": "mockRestaurants", "path": "/home/kavia/workspace/code-generation/gourmet-express-320198-320207/food_delivery_frontend/src/data/mockData.js", "pattern": "/^export const mockRestaurants = [$/", "language": "JavaScript", "kind": "constant"}, {"_type": "tag", "name": "r_amber_desserts", "path": "/home/kavia/workspace/code-generation/gourmet-express-320198-320207/food_delivery_frontend/src/data/mockData.js", "pattern": "/^  r_amber_desserts: [$/", "language": "JavaScript", "kind": "property", "scope": "mockMenusByRestaurantId", "scopeKind": "class"}, {"_type": "tag", "name": "r_blue_burger", "path": "/home/kavia/workspace/code-generation/gourmet-express-320198-320207/food_delivery_frontend/src/data/mockData.js", "pattern": "/^  r_blue_burger: [$/", "language": "JavaScript", "kind": "property", "scope": "mockMenusByRestaurantId", "scopeKind": "class"}, {"_type": "tag", "name": "r_green_bowl", "path": "/home/kavia/workspace/code-generation/gourmet-express-320198-320207/food_delivery_frontend/src/data/mockData.js", "pattern": "/^  r_green_bowl: [$/", "language": "JavaScript", "kind": "property", "scope": "mockMenusByRestaurantId", "scopeKind": "class"}, {"_type": "tag", "name": "r_pizza_harbor", "path": "/home/kavia/workspace/code-generation/gourmet-express-320198-320207/food_delivery_frontend/src/data/mockData.js", "pattern": "/^  r_pizza_harbor: [$/", "language": "JavaScript", "kind": "property", "scope": "mockMenusByRestaurantId", "scopeKind": "class"}, {"_type": "tag", "name": "r_saffron_route", "path": "/home/kavia/workspace/code-generation/gourmet-express-320198-320207/food_delivery_frontend/src/data/mockData.js", "pattern": "/^  r_saffron_route: [$/", "language": "JavaScript", "kind": "property", "scope": "mockMenusByRestaurantId", "scopeKind": "class"}, {"_type": "tag", "name": "r_sushi_current", "path": "/home/kavia/workspace/code-generation/gourmet-express-320198-320207/food_delivery_frontend/src/data/mockData.js", "pattern": "/^  r_sushi_current: [$/", "language": "JavaScript", "kind": "property", "scope": "mockMenusByRestaurantId", "scopeKind": "class"}], "hash": "89a65adf3b13ee4cf82c4aa6562d8261", "format-version": 4, "code-base-name": "food_delivery_frontend", "filename": "food_delivery_frontend/src/data/mockData.js", "fields": [{"name": "r_amber_desserts: [", "scope": "mockMenusByRestaurantId", "scopeKind": "class", "description": "unavailable"}, {"name": "r_blue_burger: [", "scope": "mockMenusByRestaurantId", "scopeKind": "class", "description": "unavailable"}, {"name": "r_green_bowl: [", "scope": "mockMenusByRestaurantId", "scopeKind": "class", "description": "unavailable"}, {"name": "r_pizza_harbor: [", "scope": "mockMenusByRestaurantId", "scopeKind": "class", "description": "unavailable"}, {"name": "r_saffron_route: [", "scope": "mockMenusByRestaurantId", "scopeKind": "class", "description": "unavailable"}, {"name": "r_sushi_current: [", "scope": "mockMenusByRestaurantId", "scopeKind": "class", "description": "unavailable"}], "revision_history": [{"44": "722770e7494fdd24f4f15bf481be5993c5f1d5b1"}]}