{"is_source_file": true, "format": "JavaScript (React JSX)", "description": "This is the main application component for a React front-end of a food delivery service, responsible for rendering the layout, navigation, theme toggling, search, and routing to different pages.", "external_files": ["./pages/HomePage", "./pages/RestaurantPage", "./pages/CheckoutPage", "./pages/TrackingPage", "./pages/ProfilePage", "./components/CartDrawer", "./data/mockData", "./App.css"], "external_methods": ["useState", "useEffect", "useMemo", "useLocation", "NavLink", "Route", "Routes"], "published": ["App"], "classes": [], "methods": [{"name": "App()", "description": "Main functional component managing theme, search, route-specific layout, and navigation.", "scope": "", "scopeKind": ""}], "calls": ["document.documentElement.setAttribute", "setCartOpen", "useLocation", "setTheme", "setSearchQuery", "setActiveCategory"], "search-terms": ["React main component", "navigation bar", "theme toggle", "search input", "category sidebar", "routes"], "state": 2, "file_id": 1, "knowledge_revision": 39, "git_revision": "722770e7494fdd24f4f15bf481be5993c5f1d5b1", "revision_history": [{"25": "e16fb9b7724cad4d26c305d349622d87015ba31b"}, {"39": "722770e7494fdd24f4f15bf481be5993c5f1d5b1"}], "ctags": [{"_type": "tag", "name": "App", "path": "/home/kavia/workspace/code-generation/gourmet-express-320198-320207/food_delivery_frontend/src/App.js", "pattern": "/^function App() {$/", "language": "JavaScript", "kind": "function", "signature": "()"}, {"_type": "tag", "name": "searchQuery", "path": "/home/kavia/workspace/code-generation/gourmet-express-320198-320207/food_delivery_frontend/src/App.js", "pattern": "/^                value={searchQuery}$/", "language": "JavaScript", "kind": "field", "scope": "App.value", "scopeKind": "class"}], "hash": "6b8cc136d29283d89f752b32be27f239", "format-version": 4, "code-base-name": "food_delivery_frontend", "filename": "food_delivery_frontend/src/App.js", "fields": [{"name": "value={searchQuery}", "scope": "App.value", "scopeKind": "class", "description": "unavailable"}]}