{"is_source_file": false, "format": "", "description": "", "external_files": [], "external_methods": [], "published": [], "classes": [], "methods": [], "calls": [], "search-terms": [], "state": 2, "file_id": 8, "knowledge_revision": 15, "git_revision": "e16fb9b7724cad4d26c305d349622d87015ba31b", "hash": "d2b40d02d5f7873d8a6713bad837edd4", "format-version": 4, "code-base-name": "food_delivery_frontend", "filename": "food_delivery_frontend/public/index.html", "revision_history": [{"15": "e16fb9b7724cad4d26c305d349622d87015ba31b"}]}