{"is_source_file": true, "format": "JavaScript (React JSX)", "description": "This file defines the 'ProfilePage' React component, which presents a user interface for editing user profile details such as name, phone, address, city, and payment method. It manages local state for toast notifications and interacts with application context for profile data. The component includes navigation buttons for going back and proceeding to checkout.", "external_files": ["../state/AppContext", "../components/ui"], "external_methods": ["useNavigate", "useContext", "useState", "Toast"], "published": ["ProfilePage"], "classes": [], "methods": [{"name": "ProfilePage()", "description": "React functional component rendering the profile editing interface, managing local toast state, and interacting with application context.", "scope": "", "scopeKind": ""}], "calls": ["useNavigate()", "useContext(AppContext)", "useState('')", "navigate(-1)", "navigate('/checkout')", "setProfile({ ...profile, name: e.target.value })", "setProfile({ ...profile, phone: e.target.value })", "setProfile({ ...profile, address1: e.target.value })", "setProfile({ ...profile, city: e.target.value })", "setProfile({ ...profile, payment: e.target.value })", "setToast('Profile saved.')", "setToast('')", "Toast"], "search-terms": ["ProfilePage", "useNavigate", "useContext", "setProfile", "Toast component", "React functional component"], "state": 2, "file_id": 22, "knowledge_revision": 52, "git_revision": "722770e7494fdd24f4f15bf481be5993c5f1d5b1", "ctags": [{"_type": "tag", "name": "ProfilePage", "path": "/home/kavia/workspace/code-generation/gourmet-express-320198-320207/food_delivery_frontend/src/pages/ProfilePage.js", "pattern": "/^export default function ProfilePage() {$/", "language": "JavaScript", "kind": "function", "signature": "()"}, {"_type": "tag", "name": "profile", "path": "/home/kavia/workspace/code-generation/gourmet-express-320198-320207/food_delivery_frontend/src/pages/ProfilePage.js", "pattern": "/^              value={profile.address1}$/", "language": "JavaScript", "kind": "field", "scope": "ProfilePage.value", "scopeKind": "class"}, {"_type": "tag", "name": "profile", "path": "/home/kavia/workspace/code-generation/gourmet-express-320198-320207/food_delivery_frontend/src/pages/ProfilePage.js", "pattern": "/^              value={profile.city}$/", "language": "JavaScript", "kind": "field", "scope": "ProfilePage.value", "scopeKind": "class"}, {"_type": "tag", "name": "profile", "path": "/home/kavia/workspace/code-generation/gourmet-express-320198-320207/food_delivery_frontend/src/pages/ProfilePage.js", "pattern": "/^              value={profile.name}$/", "language": "JavaScript", "kind": "field", "scope": "ProfilePage.value", "scopeKind": "class"}, {"_type": "tag", "name": "profile", "path": "/home/kavia/workspace/code-generation/gourmet-express-320198-320207/food_delivery_frontend/src/pages/ProfilePage.js", "pattern": "/^              value={profile.payment}$/", "language": "JavaScript", "kind": "field", "scope": "ProfilePage.value", "scopeKind": "class"}, {"_type": "tag", "name": "profile", "path": "/home/kavia/workspace/code-generation/gourmet-express-320198-320207/food_delivery_frontend/src/pages/ProfilePage.js", "pattern": "/^              value={profile.phone}$/", "language": "JavaScript", "kind": "field", "scope": "ProfilePage.value", "scopeKind": "class"}], "hash": "a1dc1990d973ddebdd30d8d77e24e940", "format-version": 4, "code-base-name": "food_delivery_frontend", "filename": "food_delivery_frontend/src/pages/ProfilePage.js", "fields": [{"name": "value={profile.address1}", "scope": "ProfilePage.value", "scopeKind": "class", "description": "unavailable"}, {"name": "value={profile.city}", "scope": "ProfilePage.value", "scopeKind": "class", "description": "unavailable"}, {"name": "value={profile.name}", "scope": "ProfilePage.value", "scopeKind": "class", "description": "unavailable"}, {"name": "value={profile.payment}", "scope": "ProfilePage.value", "scopeKind": "class", "description": "unavailable"}, {"name": "value={profile.phone}", "scope": "ProfilePage.value", "scopeKind": "class", "description": "unavailable"}], "revision_history": [{"52": "722770e7494fdd24f4f15bf481be5993c5f1d5b1"}]}