{"is_source_file": true, "file_id": 13, "git_revision": "", "state": 1, "description": "", "external_files": [], "external_methods": [], "published": [], "classes": [], "methods": [], "calls": [], "search-terms": [], "ctags": [{"_type": "tag", "name": "DEFAULT_TIMEOUT_MS", "path": "/home/kavia/workspace/code-generation/gourmet-express-320198-320207/food_delivery_frontend/src/services/api.js", "pattern": "/^const DEFAULT_TIMEOUT_MS = 7000;$/", "language": "JavaScript", "kind": "constant"}, {"_type": "tag", "name": "getApiBaseUrl", "path": "/home/kavia/workspace/code-generation/gourmet-express-320198-320207/food_delivery_frontend/src/services/api.js", "pattern": "/^export function getApiBaseUrl() {$/", "language": "JavaScript", "kind": "function", "signature": "()"}, {"_type": "tag", "name": "safeFetchJson", "path": "/home/kavia/workspace/code-generation/gourmet-express-320198-320207/food_delivery_frontend/src/services/api.js", "pattern": "/^export async function safeFetchJson(path, options = {}, config = {}) {$/", "language": "JavaScript", "kind": "function", "signature": "(path, options = {}, config = {})"}], "format": "JavaScript", "hash": "b2ca534dae6c3be0390fb444416662e2", "format-version": 4, "code-base-name": "food_delivery_frontend", "filename": "food_delivery_frontend/src/services/api.js", "knowledge_revision": 28}