{"is_source_file": false, "format": "", "description": "", "external_files": [], "external_methods": [], "published": [], "classes": [], "methods": [], "calls": [], "search-terms": [], "state": 2, "file_id": 12, "knowledge_revision": 22, "git_revision": "7f0b65300ac1085f8f74c7e4c1573d7ceb1ca63a", "hash": "f1a65016b6cf0bba47f93fe424a66502", "format-version": 4, "code-base-name": "food_delivery_frontend", "filename": "README.md", "revision_history": [{"22": "7f0b65300ac1085f8f74c7e4c1573d7ceb1ca63a"}]}